Date,Produit,Categorie,Prix,Quantite,Ville
2025-01-05,Ordinateur,Informatique,2500,1,Tunis
2025-01-08,Souris,Accessoire,50,3,Sfax
2025-01-12,Clavier,Accessoire,120,2,Tunis
2025-01-18,Ecran,Informatique,800,1,Sousse
2025-02-03,Ordinateur,Informatique,2500,2,Sousse
2025-02-10,Souris,Accessoire,50,5,Tunis
2025-02-15,Clavier,Accessoire,120,3,Sfax
2025-02-22,Ecran,Informatique,800,2,Tunis
2025-03-02,Ordinateur,Informatique,2500,1,Sfax
2025-03-09,Souris,Accessoire,50,4,Sousse
2025-03-14,Clavier,Accessoire,120,5,Tunis
2025-03-25,Ecran,Informatique,800,3,Sfax
2025-04-04,Ordinateur,Informatique,2500,2,Tunis
2025-04-11,Souris,Accessoire,50,6,Sfax
2025-04-19,Clavier,Accessoire,120,4,Sousse
2025-04-27,Ecran,Informatique,800,2,Tunis